Workbook

Sheet Raw_Data
A1: Category | B1: Item / Service Name | C1: Department | D1: Monthly Cost (USD) | E1: Quantity | F1: Total Cost | G1: Status | H1: Website Display (Yes/No)
A2: Project | B2: Company Website | C2: IT | D2: 10000000 | E2: 1 | F2: =D2*E2 -> 10000000 | G2: Active | H2: Yes
A3: Project | B3: Mobile Application | C3: IT | D3: 9500000 | E3: 1 | F3: =D3*E3 -> 9500000 | G3: Active | H3: Yes
A4: Project | B4: CRM System | C4: IT | D4: 9000000 | E4: 1 | F4: =D4*E4 -> 9000000 | G4: Active | H4: No
A5: Salary | B5: CEO | C5: Owner | D5: 5000000 | E5: 1 | F5: =D5*E5 -> 5000000 | G5: Active | H5: No
A6: Salary | B6: Senior Developer | C6: Develop | D6: 3400000 | E6: 2 | F6: =D6*E6 -> 6800000 | G6: Active | H6: No
A7: Salary | B7: Junior Developer | C7: Develop | D7: 3400000 | E7: 1 | F7: =D7*E7 -> 3400000 | G7: Active | H7: No
A8: Salary | B8: Marketing Executive | C8: Marketing | D8: 0 | E8: 1 | F8: =D8*E8 -> 0 | G8: Inactive | H8: No
A9: Service | B9: Cloud Hosting | C9: IT | D9: 450000 | E9: 1 | F9: =D9*E9 -> 450000 | G9: Active | H9: Yes
A10: Service | B10: Email Services | C10: IT | D10: 120000 | E10: 1 | F10: =D10*E10 -> 120000 | G10: Active | H10: Yes
A11: Service | B11: Marketing Tools | C11: Marketing | D11: 350000 | E11: 1 | F11: =D11*E11 -> 350000 | G11: Inactive | H11: Yes
A12: Salary | B12: Devolper | C12: Develop | D12: 2000000 | E12: 1 | F12: =D12*E12 -> 2000000 | G12: Active | H12: Yes
A13: Salary | B13: HR manger | C13: Manger | D13: 2500000 | E13: 1 | F13: 2500000 | G13: Active | H13: Yes
A14: Salary | B14: Data Analayzie | C14: Data | D14: 1000000 | E14: 1 | F14: 1000000 | G14: Active | H14: Yes
A15: Salary | B15: Tech leader | C15: Leader | D15: 2000000 | E15: 1 | F15: 2000000 | G15: Active | H15: Yes

Sheet Employee 
A1: Categery | B1: Empolyee ID | C1: Empolyee Name | D1: Role | E1: Dept | F1: Monthly Salary | G1: Allowance | H1: Total Salary | I1: Status
A2: Salary | B2: Empolyee ID 001 | C2: Ali | D2: CEO | E2: Owner | F2: 5000000 | G2: 5000 | H2: =SUM(F2:G2) -> 5005000 | I2: Active
A3: Salary | B3: Empolyee ID 002 | C3: Ali Ahmad | D3: Project Manager | E3: Manger | F3: 4500000 | G3: 5000 | H3: =SUM(F3:G3) -> 4505000 | I3: Active
A4: Salary | B4: Empolyee ID 003 | C4: Hassan | D4: Senior Developer | E4: Developer | F4: 3400000 | G4: 5000 | H4: =SUM(H2:H3) -> 9510000 | I4: Active
A5: Salary | B5: Empolyee ID 004 | C5: Ahmad | D5: Junior Developer | E5: Developer | F5: 3400000 | G5: 5000 | H5: =SUM(F5:G5) -> 3405000 | I5: Active
A6: Salary | B6: Empolyee ID 005 | C6: Hira | D6: Backend Develop | E6: Developer | F6: 3000000 | G6: 5000 | H6: =SUM(F6:G6) -> 3005000 | I6: Active
A7: Salary | B7: Empolyee ID 006 | C7: Fiza | D7: SEO Specialist | E7: Specialist | F7: 2500000 | G7: 5000 | H7: =SUM(H5:H6) -> 6410000 | I7: Active
A8: Salary | B8: Empolyee ID 007 | C8: Luna | D8: HR Manager | E8: Manger | F8: 2500000 | G8: 5000 | H8: =SUM(F8:G8) -> 2505000 | I8: Active
A9: Salary | B9: Empolyee ID 008 | C9: Ayeza | D9: Tech Lead | E9: Lead | F9: 2000000 | G9: 5000 | H9: =SUM(F9:G9) -> 2005000 | I9: Active
A10: Salary | B10: Empolyee ID 009 | C10: Shiza | D10: Backend Develop | E10: Developer | F10: 2000000 | G10: 5000 | H10: =SUM(H8:H9) -> 4510000 | I10: Active
A11: Salary | B11: Empolyee ID 010 | C11: Iffa | D11: Backend Develop | E11: Developer | F11: 2000000 | G11: 5000 | H11: =SUM(F11:G11) -> 2005000 | I11: Active
A12: Salary | B12: Empolyee ID 011 | C12: Hania | D12: Frontend Develop | E12: Developer | F12: 2000000 | G12: 5000 | H12: =SUM(F12:G12) -> 2005000 | I12: Active
A13: Salary | B13: Empolyee ID 012 | C13: Hasseb | D13: Frontend Develop | E13: Developer | F13: 2000000 | G13: 5000 | H13: =SUM(H11:H12) -> 4010000 | I13: Active
A14: Salary | B14: Empolyee ID 013 | C14: Mohid | D14: QA | E14: QA | F14: 1500000 | G14: 5000 | H14: =SUM(F14:G14) -> 1505000 | I14: Active
A15: Salary | B15: Empolyee ID 014 | C15: Rahim | D15: UX/UI Designers | E15: Designers | F15: 1500000 | G15: 5000 | H15: =SUM(F15:G15) -> 1505000 | I15: Active
A16: Salary | B16: Empolyee ID 015 | C16: Asad | D16: Data Analysts | E16: Analysts | F16: 1000000 | G16: 5000 | H16: =SUM(H14:H15) -> 3010000 | I16: Active
A17: Salary
A18: Salary
A19: Salary
A20: Salary
A21: Salary
A22: Salary
A23: Salary
A24: Salary
A25: Salary
A26: Salary
A27: Salary
A28: Salary
... A35: Salary

Sheet Calculations
A1: Category | B1: Total Monthly Cost | C1: Average Item Cost | D1: Active Items | E1: Inactive Items
A2: Project | B2: =SUMIF(Raw_Data!A:A,"Project",Raw_Data!F:F) -> 28500000 | C2: =AVERAGEIF(Raw_Data!A:A,"Project",Raw_Data!D:D) -> 9500000 | D2: =COUNTIFS(Raw_Data!A:A,"Project",Raw_Data!G:G,"Active") -> 3 | E2: =COUNTIFS(Raw_Data!A:A,"Project",Raw_Data!G:G,"Inactive") -> 0
A3: Salary | B3: =SUMIF(Raw_Data!A:A,"Salary",Raw_Data!F:F) -> 22700000 | C3: =AVERAGEIF(Raw_Data!A:A,"Salary",Raw_Data!D:D) -> 2412500 | D3: =COUNTIFS(Raw_Data!A:A,"Salary",Raw_Data!G:G,"Active") -> 7 | E3: =COUNTIFS(Raw_Data!A:A,"Salary",Raw_Data!G:G,"Inactive") -> 1
A4: Service | B4: =SUMIF(Raw_Data!A:A,"Service",Raw_Data!F:F) -> 920000 | C4: =AVERAGEIF(Raw_Data!A:A,"Service",Raw_Data!D:D) -> 306666.67 | D4: =COUNTIFS(Raw_Data!A:A,"Service",Raw_Data!G:G,"Active") -> 2 | E4: =COUNTIFS(Raw_Data!A:A,"Service",Raw_Data!G:G,"Inactive") -> 1
A6: Grand Total | B6: =SUM(B2:B4) -> 52120000

Sheet Summary_Dashboard
A1: Tech Startup – Financial Overview
A2: Category | B2: Total Monthly Cost
A3: Project | B3: =Calculations!B2 -> 28500000
A4: Salary | B4: =Calculations!B3 -> 22700000
A5: Service | B5: =Calculations!B4 -> 920000
